"number.immigrants","p.establish","Kapx","r","b","beta","init.size","Kexact","rcrit"
"1",0.0221975476271092,50,1,5,7.5,0.5,42.0256241897666,2.97437581023336
"2",0.0579961448834259,50,1,5,7.5,0.5,42.0256241897666,2.97437581023336
"1",0.0155653587704727,100,1,5,7.5,0.5,92.2911821679223,2.70881783207771
"2",0.0419549426701019,100,1,5,7.5,0.5,92.2911821679223,2.70881783207771
"1",0.0127513924998758,150,1,5,7.5,0.5,142.365943062411,2.63405693758939
"2",0.0347390294494139,150,1,5,7.5,0.5,142.365943062411,2.63405693758939
"1",0.0192841738669191,50,1,6,9,0.5,40.2756668824971,3.72433311750293
"2",0.0496882206246332,50,1,6,9,0.5,40.2756668824971,3.72433311750293
"3",0.091036372567941,50,1,6,9,0.5,40.2756668824971,3.72433311750293
"1",0.0132900255445971,100,1,6,9,0.5,90.692104549907,3.30789545009305
"2",0.0353045931121978,100,1,6,9,0.5,90.692104549907,3.30789545009305
"1",0.0109144796119624,150,1,6,9,0.5,140.804069647078,3.19593035292171
"2",0.0292806060663881,150,1,6,9,0.5,140.804069647078,3.19593035292171
"1",0.017046024570771,50,1,7,10.5,0.5,38.4484512566783,4.55154874332171
"2",0.0434046801370596,50,1,7,10.5,0.5,38.4484512566783,4.55154874332171
"3",0.079120637059981,50,1,7,10.5,0.5,38.4484512566783,4.55154874332171
"4",0.123302199130601,50,1,7,10.5,0.5,38.4484512566783,4.55154874332171
"1",0.0115585385888162,100,1,7,10.5,0.5,89.0705297124666,3.92947028753343
"2",0.0303272263520743,100,1,7,10.5,0.5,89.0705297124666,3.92947028753343
"3",0.0573854315853009,100,1,7,10.5,0.5,89.0705297124666,3.92947028753343
"1",0.00950257048525859,150,1,7,10.5,0.5,139.2292403619,3.77075963810017
"2",0.0251639011132414,150,1,7,10.5,0.5,139.2292403619,3.77075963810017
"3",0.0481811418384145,150,1,7,10.5,0.5,139.2292403619,3.77075963810017
"1",0.0149891172746437,50,1,8,12,0.5,36.52417469626,5.47582530373998
"2",0.0378038045150719,50,1,8,12,0.5,36.52417469626,5.47582530373998
"3",0.0686351701088105,50,1,8,12,0.5,36.52417469626,5.47582530373998
"4",0.10686868505154,50,1,8,12,0.5,36.52417469626,5.47582530373998
"1",0.0101386760992729,100,1,8,12,0.5,87.424630354416,4.57536964558404
"2",0.0263262176762788,100,1,8,12,0.5,87.424630354416,4.57536964558404
"3",0.0495508725104708,100,1,8,12,0.5,87.424630354416,4.57536964558404
"4",0.0805096594762161,100,1,8,12,0.5,87.424630354416,4.57536964558404
"1",0.00831799752400882,150,1,8,12,0.5,137.640828326185,4.35917167381547
"2",0.0217889026988841,150,1,8,12,0.5,137.640828326185,4.35917167381547
"3",0.0414684777154688,150,1,8,12,0.5,137.640828326185,4.35917167381547
"1",0.0138381338538821,50,1,9,13.5,0.5,34.4731886124821,6.52681138751788
"2",0.0346195644736168,50,1,9,13.5,0.5,34.4731886124821,6.52681138751788
"3",0.0626305130300038,50,1,9,13.5,0.5,34.4731886124821,6.52681138751788
"4",0.0974364187304633,50,1,9,13.5,0.5,34.4731886124821,6.52681138751788
"5",0.138036020174025,50,1,9,13.5,0.5,34.4731886124821,6.52681138751788
"6",0.183079958940679,50,1,9,13.5,0.5,34.4731886124821,6.52681138751788
"1",0.00888568952305818,100,1,9,13.5,0.5,85.7523291251575,5.24767087484253
"2",0.0228729151470168,100,1,9,13.5,0.5,85.7523291251575,5.24767087484253
"3",0.0428580250625933,100,1,9,13.5,0.5,85.7523291251575,5.24767087484253
"4",0.069500773245496,100,1,9,13.5,0.5,85.7523291251575,5.24767087484253
"1",0.00735666649083771,150,1,9,13.5,0.5,136.03815682486,4.96184317513958
"2",0.0190935488239106,150,1,9,13.5,0.5,136.03815682486,4.96184317513958
"3",0.0361460152382663,150,1,9,13.5,0.5,136.03815682486,4.96184317513958
"4",0.059353025532801,150,1,9,13.5,0.5,136.03815682486,4.96184317513958
"1",0.0126375442874747,50,1,10,15,0.5,32.2474487139159,7.75255128608411
"2",0.0314239568018728,50,1,10,15,0.5,32.2474487139159,7.75255128608411
"3",0.0567323349224982,50,1,10,15,0.5,32.2474487139159,7.75255128608411
"4",0.0883106257450226,50,1,10,15,0.5,32.2474487139159,7.75255128608411
"5",0.125377493573102,50,1,10,15,0.5,32.2474487139159,7.75255128608411
"6",0.166798289461148,50,1,10,15,0.5,32.2474487139159,7.75255128608411
"7",0.211275826461884,50,1,10,15,0.5,32.2474487139159,7.75255128608411
"1",0.0078677956829752,100,1,10,15,0.5,84.0512483795333,5.94875162046672
"2",0.020102128598304,100,1,10,15,0.5,84.0512483795333,5.94875162046672
"3",0.0375154333473899,100,1,10,15,0.5,84.0512483795333,5.94875162046672
"4",0.0607268521150039,100,1,10,15,0.5,84.0512483795333,5.94875162046672
"5",0.0901452485304551,100,1,10,15,0.5,84.0512483795333,5.94875162046672
"1",0.00653709647634028,150,1,10,15,0.5,134.420493633626,5.57950636637436
"2",0.0168337476489806,150,1,10,15,0.5,134.420493633626,5.57950636637436
"3",0.0317215869791533,150,1,10,15,0.5,134.420493633626,5.57950636637436
"4",0.0519529679522873,150,1,10,15,0.5,134.420493633626,5.57950636637436
"5",0.0781931081600031,150,1,10,15,0.5,134.420493633626,5.57950636637436
"1",0.0134784488551423,50,1,3,6,0.5,43.5561711201316,3.44382887986842
"2",0.043659052234038,50,1,3,6,0.5,43.5561711201316,3.44382887986842
"1",0.00969115314865344,100,1,3,6,0.5,93.8017659699928,3.19823403000718
"2",0.03214401558092,100,1,3,6,0.5,93.8017659699928,3.19823403000718
"1",0.0079825284770925,150,1,3,6,0.5,143.872224634439,3.1277753655606
"2",0.0267026198905005,150,1,3,6,0.5,143.872224634439,3.1277753655606
"1",0.00863440839473014,50,1,4,8,0.5,41.138357147217,4.86164285278295
"2",0.0281442868544342,50,1,4,8,0.5,41.138357147217,4.86164285278295
"3",0.0605824796800985,50,1,4,8,0.5,41.138357147217,4.86164285278295
"4",0.105712557096902,50,1,4,8,0.5,41.138357147217,4.86164285278295
"1",0.00618891173703382,100,1,4,8,0.5,91.6348484585428,4.36515154145714
"2",0.0205684279144592,100,1,4,8,0.5,91.6348484585428,4.36515154145714
"3",0.0455251990474049,100,1,4,8,0.5,91.6348484585428,4.36515154145714
"1",0.00513379905608303,150,1,4,8,0.5,141.767724987817,4.23227501218322
"2",0.0171727083460366,150,1,4,8,0.5,141.767724987817,4.23227501218322
"3",0.0383736654006525,150,1,4,8,0.5,141.767724987817,4.23227501218322
"1",0.00560461308117992,50,1,5,10,0.5,38.5078105935821,6.49218940641788
"2",0.0183019842361928,50,1,5,10,0.5,38.5078105935821,6.49218940641788
"3",0.0403146627771575,50,1,5,10,0.5,38.5078105935821,6.49218940641788
"4",0.0724032496632786,50,1,5,10,0.5,38.5078105935821,6.49218940641788
"5",0.113915417703082,50,1,5,10,0.5,38.5078105935821,6.49218940641788
"1",0.00409309744573624,100,1,5,10,0.5,89.4076365356005,5.59236346439948
"2",0.0135795072115137,100,1,5,10,0.5,89.4076365356005,5.59236346439948
"3",0.0305895211691584,100,1,5,10,0.5,89.4076365356005,5.59236346439948
"4",0.0566220082884752,100,1,5,10,0.5,89.4076365356005,5.59236346439948
"5",0.0925319192591652,100,1,5,10,0.5,89.4076365356005,5.59236346439948
"1",0.00341124992324434,150,1,5,10,0.5,139.628607910488,5.37139208951224
"2",0.0113756474688185,150,1,5,10,0.5,139.628607910488,5.37139208951224
"3",0.0258141386381992,150,1,5,10,0.5,139.628607910488,5.37139208951224
"4",0.0482715718936132,150,1,5,10,0.5,139.628607910488,5.37139208951224
"1",0.00375994835290215,50,1,6,12,0.5,35.5646599662505,8.43534003374946
"2",0.0122782453256163,50,1,6,12,0.5,35.5646599662505,8.43534003374946
"3",0.0275669909243563,50,1,6,12,0.5,35.5646599662505,8.43534003374946
"4",0.0508588057166407,50,1,6,12,0.5,35.5646599662505,8.43534003374946
"5",0.0823115511881878,50,1,6,12,0.5,35.5646599662505,8.43534003374946
"6",0.121107583064812,50,1,6,12,0.5,35.5646599662505,8.43534003374946
"7",0.165765802433785,50,1,6,12,0.5,35.5646599662505,8.43534003374946
"1",0.00272491357397563,100,1,6,12,0.5,87.1123422402632,6.88765775973685
"2",0.00901401981565683,100,1,6,12,0.5,87.1123422402632,6.88765775973685
"3",0.020596418613391,100,1,6,12,0.5,87.1123422402632,6.88765775973685
"4",0.0389206535348246,100,1,6,12,0.5,87.1123422402632,6.88765775973685
"5",0.0649916087642092,100,1,6,12,0.5,87.1123422402632,6.88765775973685
"6",0.0993608911868253,100,1,6,12,0.5,87.1123422402632,6.88765775973685
"1",0.00231432558962231,150,1,6,12,0.5,137.452272687814,6.54772731218571
"2",0.00768709079406891,150,1,6,12,0.5,137.452272687814,6.54772731218571
"3",0.0176615492149242,150,1,6,12,0.5,137.452272687814,6.54772731218571
"4",0.0336298910826799,150,1,6,12,0.5,137.452272687814,6.54772731218571
"5",0.0567313009197196,150,1,6,12,0.5,137.452272687814,6.54772731218571
"6",0.0878575674204793,150,1,6,12,0.5,137.452272687814,6.54772731218571
"1",0.00262313868069016,50,1,7,14,0.5,32.0948100502085,10.9051899497915
"2",0.00856004552007901,50,1,7,14,0.5,32.0948100502085,10.9051899497915
"3",0.0195333668135245,50,1,7,14,0.5,32.0948100502085,10.9051899497915
"4",0.0369636878023079,50,1,7,14,0.5,32.0948100502085,10.9051899497915
"5",0.0615775704813177,50,1,7,14,0.5,32.0948100502085,10.9051899497915
"6",0.093264484173628,50,1,7,14,0.5,32.0948100502085,10.9051899497915
"7",0.131177065728188,50,1,7,14,0.5,32.0948100502085,10.9051899497915
"8",0.173976285088854,50,1,7,14,0.5,32.0948100502085,10.9051899497915
"9",0.220109983594,50,1,7,14,0.5,32.0948100502085,10.9051899497915
"10",0.268047215218204,50,1,7,14,0.5,32.0948100502085,10.9051899497915
"1",0.00182028224811481,100,1,7,14,0.5,84.7393776099978,8.26062239000222
"2",0.00600156615836534,100,1,7,14,0.5,84.7393776099978,8.26062239000222
"3",0.0138726278310703,100,1,7,14,0.5,84.7393776099978,8.26062239000222
"4",0.0267107230069809,100,1,7,14,0.5,84.7393776099978,8.26062239000222
"5",0.0455453506775751,100,1,7,14,0.5,84.7393776099978,8.26062239000222
"6",0.0710738086535914,100,1,7,14,0.5,84.7393776099978,8.26062239000222
"7",0.10364861837454,100,1,7,14,0.5,84.7393776099978,8.26062239000222
"1",0.00157703391852152,150,1,7,14,0.5,135.235782728386,7.76421727161421
"2",0.00521685973704985,150,1,7,14,0.5,135.235782728386,7.76421727161421
"3",0.0121086005166848,150,1,7,14,0.5,135.235782728386,7.76421727161421
"4",0.0234445208657075,150,1,7,14,0.5,135.235782728386,7.76421727161421
"5",0.0402807187572202,150,1,7,14,0.5,135.235782728386,7.76421727161421
"6",0.0634873534777759,150,1,7,14,0.5,135.235782728386,7.76421727161421
"7",0.0937409587542201,150,1,7,14,0.5,135.235782728386,7.76421727161421
"1",0.00201104168972199,50,1,8,16,0.5,27.4031242374328,14.5968757625672
"2",0.00655351134296577,50,1,8,16,0.5,27.4031242374328,14.5968757625672
"3",0.0151525068808111,50,1,8,16,0.5,27.4031242374328,14.5968757625672
"4",0.0293266769319207,50,1,8,16,0.5,27.4031242374328,14.5968757625672
"5",0.05021248061907,50,1,8,16,0.5,27.4031242374328,14.5968757625672
"6",0.0782883423275361,50,1,8,16,0.5,27.4031242374328,14.5968757625672
"7",0.113288576648334,50,1,8,16,0.5,27.4031242374328,14.5968757625672
"8",0.154305290686784,50,1,8,16,0.5,27.4031242374328,14.5968757625672
"9",0.200008061797454,50,1,8,16,0.5,27.4031242374328,14.5968757625672
"10",0.2488915633955,50,1,8,16,0.5,27.4031242374328,14.5968757625672
"11",0.299482733677794,50,1,8,16,0.5,27.4031242374328,14.5968757625672
"12",0.350476582662139,50,1,8,16,0.5,27.4031242374328,14.5968757625672
"13",0.400801462357724,50,1,8,16,0.5,27.4031242374328,14.5968757625672
"14",0.449631460198745,50,1,8,16,0.5,27.4031242374328,14.5968757625672
"1",0.00122224957044621,100,1,8,16,0.5,82.2767142944341,9.72328570556589
"2",0.00401609945807735,100,1,8,16,0.5,82.2767142944341,9.72328570556589
"3",0.00937047993030039,100,1,8,16,0.5,82.2767142944341,9.72328570556589
"4",0.0183465151143024,100,1,8,16,0.5,82.2767142944341,9.72328570556589
"5",0.0319109091391268,100,1,8,16,0.5,82.2767142944341,9.72328570556589
"6",0.0508198096764584,100,1,8,16,0.5,82.2767142944341,9.72328570556589
"7",0.075564896634936,100,1,8,16,0.5,82.2767142944341,9.72328570556589
"8",0.106361200040625,100,1,8,16,0.5,82.2767142944341,9.72328570556589
"9",0.143151620187821,100,1,8,16,0.5,82.2767142944341,9.72328570556589
"1",0.00107785898079346,150,1,8,16,0.5,132.975801729385,9.02419827061534
"2",0.00355151521913051,150,1,8,16,0.5,132.975801729385,9.02419827061534
"3",0.00831213345345739,150,1,8,16,0.5,132.975801729385,9.02419827061534
"4",0.0163390407214763,150,1,8,16,0.5,132.975801729385,9.02419827061534
"5",0.0285747264002657,150,1,8,16,0.5,132.975801729385,9.02419827061534
"6",0.0458462800991739,150,1,8,16,0.5,132.975801729385,9.02419827061534
"7",0.068832929042702,150,1,8,16,0.5,132.975801729385,9.02419827061534
"8",0.0980529098300418,150,1,8,16,0.5,132.975801729385,9.02419827061534
"1",0.000809839446724029,100,1,9,18,0.5,79.7089169661946,11.2910830338054
"2",0.00265213797560535,100,1,9,18,0.5,79.7089169661946,11.2910830338054
"3",0.00623536924693499,100,1,9,18,0.5,79.7089169661946,11.2910830338054
"4",0.0123913601039859,100,1,9,18,0.5,79.7089169661946,11.2910830338054
"5",0.0219608168059832,100,1,9,18,0.5,79.7089169661946,11.2910830338054
"6",0.0356842655127285,100,1,9,18,0.5,79.7089169661946,11.2910830338054
"7",0.054126290668652,100,1,9,18,0.5,79.7089169661946,11.2910830338054
"8",0.0776377052734338,100,1,9,18,0.5,79.7089169661946,11.2910830338054
"9",0.106345495019624,100,1,9,18,0.5,79.7089169661946,11.2910830338054
"10",0.140157615389052,100,1,9,18,0.5,79.7089169661946,11.2910830338054
"1",0.000736395836832188,150,1,9,18,0.5,130.668513360395,10.3314866396053
"2",0.00241731882166699,150,1,9,18,0.5,130.668513360395,10.3314866396053
"3",0.00569614276673697,150,1,9,18,0.5,130.668513360395,10.3314866396053
"4",0.0113492447470423,150,1,9,18,0.5,130.668513360395,10.3314866396053
"5",0.0201850549564916,150,1,9,18,0.5,130.668513360395,10.3314866396053
"6",0.0329638471216578,150,1,9,18,0.5,130.668513360395,10.3314866396053
"7",0.0503471710878333,150,1,9,18,0.5,130.668513360395,10.3314866396053
"8",0.072873088806861,150,1,9,18,0.5,130.668513360395,10.3314866396053
"9",0.100942005071926,150,1,9,18,0.5,130.668513360395,10.3314866396053
"1",0.00053650146123877,100,1,10,20,0.5,77.0156211871642,12.9843788128358
"2",0.0017512936192524,100,1,10,20,0.5,77.0156211871642,12.9843788128358
"3",0.00414264578271104,100,1,10,20,0.5,77.0156211871642,12.9843788128358
"4",0.00834025893277967,100,1,10,20,0.5,77.0156211871642,12.9843788128358
"5",0.0150381833638144,100,1,10,20,0.5,77.0156211871642,12.9843788128358
"6",0.0249109580236228,100,1,10,20,0.5,77.0156211871642,12.9843788128358
"7",0.0385371254972186,100,1,10,20,0.5,77.0156211871642,12.9843788128358
"8",0.0563451861364281,100,1,10,20,0.5,77.0156211871642,12.9843788128358
"9",0.0785850921034132,100,1,10,20,0.5,77.0156211871642,12.9843788128358
"10",0.105320441224681,100,1,10,20,0.5,77.0156211871642,12.9843788128358
"11",0.136434220542228,100,1,10,20,0.5,77.0156211871642,12.9843788128358
"12",0.171642394325348,100,1,10,20,0.5,77.0156211871642,12.9843788128358
"1",0.000503981633384543,150,1,10,20,0.5,128.309518948453,11.690481051547
"2",0.00164854100397162,150,1,10,20,0.5,128.309518948453,11.690481051547
"3",0.00390602562751909,150,1,10,20,0.5,128.309518948453,11.690481051547
"4",0.00787604862952163,150,1,10,20,0.5,128.309518948453,11.690481051547
"5",0.0142290978384633,150,1,10,20,0.5,128.309518948453,11.690481051547
"6",0.0236405139685593,150,1,10,20,0.5,128.309518948453,11.690481051547
"7",0.036735128703601,150,1,10,20,0.5,128.309518948453,11.690481051547
"8",0.0540510295575099,150,1,10,20,0.5,128.309518948453,11.690481051547
"9",0.0760191743514971,150,1,10,20,0.5,128.309518948453,11.690481051547
"10",0.102950019980188,150,1,10,20,0.5,128.309518948453,11.690481051547
"11",0.135018893537664,150,1,10,20,0.5,128.309518948453,11.690481051547
"1",0.0228194059946779,50,1,5,7.5,1,42.0256241897666,2.97437581023336
"2",0.0632604820527217,50,1,5,7.5,1,42.0256241897666,2.97437581023336
"1",0.0165522778919603,100,1,5,7.5,1,92.2911821679223,2.70881783207771
"2",0.0474223542254871,100,1,5,7.5,1,92.2911821679223,2.70881783207771
"1",0.013655036601247,150,1,5,7.5,1,142.365943062411,2.63405693758939
"2",0.0396001544830151,150,1,5,7.5,1,142.365943062411,2.63405693758939
"1",0.0187160503655188,50,1,6,9,1,40.2756668824971,3.72433311750293
"2",0.0512184527522602,50,1,6,9,1,40.2756668824971,3.72433311750293
"3",0.0991465081868453,50,1,6,9,1,40.2756668824971,3.72433311750293
"1",0.0135525577562349,100,1,6,9,1,90.692104549907,3.30789545009305
"2",0.0382402615617095,100,1,6,9,1,90.692104549907,3.30789545009305
"1",0.0112281731987606,150,1,6,9,1,140.804069647078,3.19593035292171
"2",0.0320251605656998,150,1,6,9,1,140.804069647078,3.19593035292171
"1",0.0155403329728032,50,1,7,10.5,1,38.4484512566783,4.55154874332171
"2",0.0420941431196834,50,1,7,10.5,1,38.4484512566783,4.55154874332171
"3",0.081221637733241,50,1,7,10.5,1,38.4484512566783,4.55154874332171
"4",0.133012408593087,50,1,7,10.5,1,38.4484512566783,4.55154874332171
"1",0.0113071344296614,100,1,7,10.5,1,89.0705297124666,3.92947028753343
"2",0.0315188618118802,100,1,7,10.5,1,89.0705297124666,3.92947028753343
"3",0.0631540594432264,100,1,7,10.5,1,89.0705297124666,3.92947028753343
"1",0.00939993932562451,150,1,7,10.5,1,139.2292403619,3.77075963810017
"2",0.0264591524216842,150,1,7,10.5,1,139.2292403619,3.77075963810017
"3",0.0537273367168003,150,1,7,10.5,1,139.2292403619,3.77075963810017
"1",0.0127839514178982,50,1,8,12,1,36.52417469626,5.47582530373998
"2",0.0343616238778082,50,1,8,12,1,36.52417469626,5.47582530373998
"3",0.066179483236592,50,1,8,12,1,36.52417469626,5.47582530373998
"4",0.108538194757772,50,1,8,12,1,36.52417469626,5.47582530373998
"1",0.0095117259457037,100,1,8,12,1,87.424630354416,4.57536964558404
"2",0.026260249293667,100,1,8,12,1,87.424630354416,4.57536964558404
"3",0.0523757649444017,100,1,8,12,1,87.424630354416,4.57536964558404
"4",0.0897058032915426,100,1,8,12,1,87.424630354416,4.57536964558404
"1",0.00791445844702424,150,1,8,12,1,137.640828326185,4.35917167381547
"2",0.0220464037943344,150,1,8,12,1,137.640828326185,4.35917167381547
"3",0.0445039683561353,150,1,8,12,1,137.640828326185,4.35917167381547
"1",0.0110113460740774,50,1,9,13.5,1,34.4731886124821,6.52681138751788
"2",0.0294074214331814,50,1,9,13.5,1,34.4731886124821,6.52681138751788
"3",0.0565425211874217,50,1,9,13.5,1,34.4731886124821,6.52681138751788
"4",0.0928258419149428,50,1,9,13.5,1,34.4731886124821,6.52681138751788
"5",0.137679621639283,50,1,9,13.5,1,34.4731886124821,6.52681138751788
"6",0.189709520783049,50,1,9,13.5,1,34.4731886124821,6.52681138751788
"1",0.00798947460033303,100,1,9,13.5,1,85.7523291251575,5.24767087484253
"2",0.0218915532969389,100,1,9,13.5,1,85.7523291251575,5.24767087484253
"3",0.0435193775033905,100,1,9,13.5,1,85.7523291251575,5.24767087484253
"4",0.074480298983092,100,1,9,13.5,1,85.7523291251575,5.24767087484253
"1",0.0067315420399834,150,1,9,13.5,1,136.03815682486,4.96184317513958
"2",0.0185940897022958,150,1,9,13.5,1,136.03815682486,4.96184317513958
"3",0.0373617460534524,150,1,9,13.5,1,136.03815682486,4.96184317513958
"4",0.0648293630395224,150,1,9,13.5,1,136.03815682486,4.96184317513958
"1",0.00936620703088297,50,1,10,15,1,32.2474487139159,7.75255128608411
"2",0.024907118352726,50,1,10,15,1,32.2474487139159,7.75255128608411
"3",0.0478976261524235,50,1,10,15,1,32.2474487139159,7.75255128608411
"4",0.078867786925631,50,1,10,15,1,32.2474487139159,7.75255128608411
"5",0.117501988056734,50,1,10,15,1,32.2474487139159,7.75255128608411
"6",0.162744785374845,50,1,10,15,1,32.2474487139159,7.75255128608411
"7",0.213032072625333,50,1,10,15,1,32.2474487139159,7.75255128608411
"1",0.00677101670472103,100,1,10,15,1,84.0512483795333,5.94875162046672
"2",0.0184398739042505,100,1,10,15,1,84.0512483795333,5.94875162046672
"3",0.0365668569304704,100,1,10,15,1,84.0512483795333,5.94875162046672
"4",0.0625653113774999,100,1,10,15,1,84.0512483795333,5.94875162046672
"5",0.0975990628574278,100,1,10,15,1,84.0512483795333,5.94875162046672
"1",0.00574979674714357,150,1,10,15,1,134.420493633626,5.57950636637436
"2",0.0157747570881671,150,1,10,15,1,134.420493633626,5.57950636637436
"3",0.0315851531813052,150,1,10,15,1,134.420493633626,5.57950636637436
"4",0.0547143010449515,150,1,10,15,1,134.420493633626,5.57950636637436
"5",0.086673498369495,150,1,10,15,1,134.420493633626,5.57950636637436
"1",0.0125272504716563,50,1,3,6,1,43.5561711201316,3.44382887986842
"2",0.0447243682414686,50,1,3,6,1,43.5561711201316,3.44382887986842
"1",0.00929202910120451,100,1,3,6,1,93.8017659699928,3.19823403000718
"2",0.0339722846841672,100,1,3,6,1,93.8017659699928,3.19823403000718
"1",0.00771009160653241,150,1,3,6,1,143.872224634439,3.1277753655606
"2",0.0284464201676247,150,1,3,6,1,143.872224634439,3.1277753655606
"1",0.0068655713950813,50,1,4,8,1,41.138357147217,4.86164285278295
"2",0.0249900345830953,50,1,4,8,1,41.138357147217,4.86164285278295
"3",0.0592718789961409,50,1,4,8,1,41.138357147217,4.86164285278295
"4",0.111826565916076,50,1,4,8,1,41.138357147217,4.86164285278295
"1",0.00522042408191565,100,1,4,8,1,91.6348484585428,4.36515154145714
"2",0.0193213707986737,100,1,4,8,1,91.6348484585428,4.36515154145714
"3",0.0470474103533632,100,1,4,8,1,91.6348484585428,4.36515154145714
"1",0.00438268639803006,150,1,4,8,1,141.767724987817,4.23227501218322
"2",0.0163205481474601,150,1,4,8,1,141.767724987817,4.23227501218322
"3",0.0401432073269614,150,1,4,8,1,141.767724987817,4.23227501218322
"1",0.0037235828392586,50,1,5,10,1,38.5078105935821,6.49218940641788
"2",0.0137461092578661,50,1,5,10,1,38.5078105935821,6.49218940641788
"3",0.0338969353675479,50,1,5,10,1,38.5078105935821,6.49218940641788
"4",0.066889032384306,50,1,5,10,1,38.5078105935821,6.49218940641788
"5",0.113516114798858,50,1,5,10,1,38.5078105935821,6.49218940641788
"1",0.00301629747487988,100,1,5,10,1,89.4076365356005,5.59236346439948
"2",0.0112634564018829,100,1,5,10,1,89.4076365356005,5.59236346439948
"3",0.0282632421511464,100,1,5,10,1,89.4076365356005,5.59236346439948
"4",0.0572604647470579,100,1,5,10,1,89.4076365356005,5.59236346439948
"5",0.100772087592081,100,1,5,10,1,89.4076365356005,5.59236346439948
"1",0.00256163276867921,150,1,5,10,1,139.628607910488,5.37139208951224
"2",0.0096060436081119,150,1,5,10,1,139.628607910488,5.37139208951224
"3",0.0242660448964641,150,1,5,10,1,139.628607910488,5.37139208951224
"4",0.0496784345309933,150,1,5,10,1,139.628607910488,5.37139208951224
"1",0.00204024278676374,50,1,6,12,1,35.5646599662505,8.43534003374946
"2",0.00760947423514032,50,1,6,12,1,35.5646599662505,8.43534003374946
"3",0.0194052367729574,50,1,6,12,1,35.5646599662505,8.43534003374946
"4",0.0399774042377405,50,1,6,12,1,35.5646599662505,8.43534003374946
"5",0.0708728093456127,50,1,6,12,1,35.5646599662505,8.43534003374946
"6",0.112220248350348,50,1,6,12,1,35.5646599662505,8.43534003374946
"7",0.162811374617235,50,1,6,12,1,35.5646599662505,8.43534003374946
"1",0.00174058388116574,100,1,6,12,1,87.1123422402632,6.88765775973685
"2",0.00654344871063344,100,1,6,12,1,87.1123422402632,6.88765775973685
"3",0.0168678642469986,100,1,6,12,1,87.1123422402632,6.88765775973685
"4",0.0353445497363301,100,1,6,12,1,87.1123422402632,6.88765775973685
"5",0.0642894780686004,100,1,6,12,1,87.1123422402632,6.88765775973685
"6",0.105442326458713,100,1,6,12,1,87.1123422402632,6.88765775973685
"1",0.00152004052878861,150,1,6,12,1,137.452272687814,6.54772731218571
"2",0.0057306166170766,150,1,6,12,1,137.452272687814,6.54772731218571
"3",0.0148323787594957,150,1,6,12,1,137.452272687814,6.54772731218571
"4",0.0312813798166458,150,1,6,12,1,137.452272687814,6.54772731218571
"5",0.0574674859489792,150,1,6,12,1,137.452272687814,6.54772731218571
"6",0.0955750643467137,150,1,6,12,1,137.452272687814,6.54772731218571
"1",0.00114000619813534,50,1,7,14,1,32.0948100502085,10.9051899497915
"2",0.00428429101580299,50,1,7,14,1,32.0948100502085,10.9051899497915
"3",0.0112448523740677,50,1,7,14,1,32.0948100502085,10.9051899497915
"4",0.0241329482267855,50,1,7,14,1,32.0948100502085,10.9051899497915
"5",0.0447637892525079,50,1,7,14,1,32.0948100502085,10.9051899497915
"6",0.07410691063434,50,1,7,14,1,32.0948100502085,10.9051899497915
"7",0.112029036644495,50,1,7,14,1,32.0948100502085,10.9051899497915
"8",0.157382409659111,50,1,7,14,1,32.0948100502085,10.9051899497915
"9",0.208329053320459,50,1,7,14,1,32.0948100502085,10.9051899497915
"10",0.262739253727757,50,1,7,14,1,32.0948100502085,10.9051899497915
"1",0.000999550024374718,100,1,7,14,1,84.7393776099978,8.26062239000222
"2",0.00377622183888303,100,1,7,14,1,84.7393776099978,8.26062239000222
"3",0.00996414412960716,100,1,7,14,1,84.7393776099978,8.26062239000222
"4",0.0215602306298341,100,1,7,14,1,84.7393776099978,8.26062239000222
"5",0.0405647209852268,100,1,7,14,1,84.7393776099978,8.26062239000222
"6",0.0686835751773131,100,1,7,14,1,84.7393776099978,8.26062239000222
"7",0.107150370610523,100,1,7,14,1,84.7393776099978,8.26062239000222
"1",0.000900843391081269,150,1,7,14,1,135.235782728386,7.76421727161421
"2",0.0034099019465632,150,1,7,14,1,135.235782728386,7.76421727161421
"3",0.00901703351205072,150,1,7,14,1,135.235782728386,7.76421727161421
"4",0.0195778295776023,150,1,7,14,1,135.235782728386,7.76421727161421
"5",0.0370500360282335,150,1,7,14,1,135.235782728386,7.76421727161421
"6",0.0633036791568927,150,1,7,14,1,135.235782728386,7.76421727161421
"7",0.100015613494821,150,1,7,14,1,135.235782728386,7.76421727161421
"1",0.000686870209927225,50,1,8,16,1,27.4031242374328,14.5968757625672
"2",0.00259525740552601,50,1,8,16,1,27.4031242374328,14.5968757625672
"3",0.00697643865741366,50,1,8,16,1,27.4031242374328,14.5968757625672
"4",0.0155358960680771,50,1,8,16,1,27.4031242374328,14.5968757625672
"5",0.030119781189741,50,1,8,16,1,27.4031242374328,14.5968757625672
"6",0.0522508078533159,50,1,8,16,1,27.4031242374328,14.5968757625672
"7",0.0827051644503445,50,1,8,16,1,27.4031242374328,14.5968757625672
"8",0.121302559894653,50,1,8,16,1,27.4031242374328,14.5968757625672
"9",0.166970284541047,50,1,8,16,1,27.4031242374328,14.5968757625672
"10",0.21801863379797,50,1,8,16,1,27.4031242374328,14.5968757625672
"11",0.272498276261063,50,1,8,16,1,27.4031242374328,14.5968757625672
"12",0.328517781626824,50,1,8,16,1,27.4031242374328,14.5968757625672
"13",0.384453112400726,50,1,8,16,1,27.4031242374328,14.5968757625672
"14",0.439039252371218,50,1,8,16,1,27.4031242374328,14.5968757625672
"1",0.000571939773208205,100,1,8,16,1,82.2767142944341,9.72328570556589
"2",0.0021683105708482,100,1,8,16,1,82.2767142944341,9.72328570556589
"3",0.00583532111450725,100,1,8,16,1,82.2767142944341,9.72328570556589
"4",0.0130040903927019,100,1,8,16,1,82.2767142944341,9.72328570556589
"5",0.0252926918857141,100,1,8,16,1,82.2767142944341,9.72328570556589
"6",0.0442566447405084,100,1,8,16,1,82.2767142944341,9.72328570556589
"7",0.0711853244325117,100,1,8,16,1,82.2767142944341,9.72328570556589
"8",0.106970693834061,100,1,8,16,1,82.2767142944341,9.72328570556589
"9",0.152018074810594,100,1,8,16,1,82.2767142944341,9.72328570556589
"1",0.000532563044005123,150,1,8,16,1,132.975801729385,9.02419827061534
"2",0.00202174152055382,150,1,8,16,1,132.975801729385,9.02419827061534
"3",0.00544555568396595,150,1,8,16,1,132.975801729385,9.02419827061534
"4",0.0121492757889094,150,1,8,16,1,132.975801729385,9.02419827061534
"5",0.0236891114270579,150,1,8,16,1,132.975801729385,9.02419827061534
"6",0.0416533830445793,150,1,8,16,1,132.975801729385,9.02419827061534
"7",0.0675338595402905,150,1,8,16,1,132.975801729385,9.02419827061534
"8",0.102639146861556,150,1,8,16,1,132.975801729385,9.02419827061534
"1",0.000320096047437266,100,1,9,18,1,79.7089169661946,11.2910830338054
"2",0.0012164373418975,100,1,9,18,1,79.7089169661946,11.2910830338054
"3",0.00332799576594086,100,1,9,18,1,79.7089169661946,11.2910830338054
"4",0.0076150587445273,100,1,9,18,1,79.7089169661946,11.2910830338054
"5",0.0152877205796496,100,1,9,18,1,79.7089169661946,11.2910830338054
"6",0.0276508545570019,100,1,9,18,1,79.7089169661946,11.2910830338054
"7",0.0459265167683759,100,1,9,18,1,79.7089169661946,11.2910830338054
"8",0.0711073669130098,100,1,9,18,1,79.7089169661946,11.2910830338054
"9",0.103857931120622,100,1,9,18,1,79.7089169661946,11.2910830338054
"10",0.144451312721193,100,1,9,18,1,79.7089169661946,11.2910830338054
"1",0.0003130699428746,150,1,9,18,1,130.668513360395,10.3314866396053
"2",0.00119087236611419,150,1,9,18,1,130.668513360395,10.3314866396053
"3",0.00325787246017969,150,1,9,18,1,130.668513360395,10.3314866396053
"4",0.00745005097988297,150,1,9,18,1,130.668513360395,10.3314866396053
"5",0.0149524913532978,150,1,9,18,1,130.668513360395,10.3314866396053
"6",0.0270748037760591,150,1,9,18,1,130.668513360395,10.3314866396053
"7",0.0451233511469135,150,1,9,18,1,130.668513360395,10.3314866396053
"8",0.0703056430792869,150,1,9,18,1,130.668513360395,10.3314866396053
"9",0.103658073700913,150,1,9,18,1,130.668513360395,10.3314866396053
"1",0.00017727422257271,100,1,10,20,1,77.0156211871642,12.9843788128358
"2",0.000674707110222199,100,1,10,20,1,77.0156211871642,12.9843788128358
"3",0.00187114619645797,100,1,10,20,1,77.0156211871642,12.9843788128358
"4",0.00438178459919158,100,1,10,20,1,77.0156211871642,12.9843788128358
"5",0.00905742449755225,100,1,10,20,1,77.0156211871642,12.9843788128358
"6",0.0169150130893843,100,1,10,20,1,77.0156211871642,12.9843788128358
"7",0.0290178784587471,100,1,10,20,1,77.0156211871642,12.9843788128358
"8",0.0463437114612784,100,1,10,20,1,77.0156211871642,12.9843788128358
"9",0.0696732007056733,100,1,10,20,1,77.0156211871642,12.9843788128358
"10",0.0995128069908915,100,1,10,20,1,77.0156211871642,12.9843788128358
"11",0.136048360138936,100,1,10,20,1,77.0156211871642,12.9843788128358
"12",0.179120447882475,100,1,10,20,1,77.0156211871642,12.9843788128358
"1",0.000183411747335912,150,1,10,20,1,128.309518948453,11.690481051547
"2",0.00069856911691434,150,1,10,20,1,128.309518948453,11.690481051547
"3",0.00193607507870621,150,1,10,20,1,128.309518948453,11.690481051547
"4",0.00452555419117804,150,1,10,20,1,128.309518948453,11.690481051547
"5",0.00933268375828771,150,1,10,20,1,128.309518948453,11.690481051547
"6",0.0173954366531864,150,1,10,20,1,128.309518948453,11.690481051547
"7",0.029825767541584,150,1,10,20,1,128.309518948453,11.690481051547
"8",0.0477129893012722,150,1,10,20,1,128.309518948453,11.690481051547
"9",0.0720479545213994,150,1,10,20,1,128.309518948453,11.690481051547
"10",0.10366212188158,150,1,10,20,1,128.309518948453,11.690481051547
"11",0.143161396318276,150,1,10,20,1,128.309518948453,11.690481051547
"1",0.0228861510199144,50,1,5,7.5,2,42.0256241897666,2.97437581023336
"2",0.06689211845113,50,1,5,7.5,2,42.0256241897666,2.97437581023336
"1",0.0169285749527332,100,1,5,7.5,2,92.2911821679223,2.70881783207771
"2",0.0512306859625943,100,1,5,7.5,2,92.2911821679223,2.70881783207771
"1",0.0140373764666578,150,1,5,7.5,2,142.365943062411,2.63405693758939
"2",0.043049906724284,150,1,5,7.5,2,142.365943062411,2.63405693758939
"1",0.0179162049444278,50,1,6,9,2,40.2756668824971,3.72433311750293
"2",0.051783298187952,50,1,6,9,2,40.2756668824971,3.72433311750293
"3",0.105278447890476,50,1,6,9,2,40.2756668824971,3.72433311750293
"1",0.0133474039094917,100,1,6,9,2,90.692104549907,3.30789545009305
"2",0.0397863621191748,100,1,6,9,2,90.692104549907,3.30789545009305
"1",0.0111329065644529,150,1,6,9,2,140.804069647078,3.19593035292171
"2",0.0335652063619535,150,1,6,9,2,140.804069647078,3.19593035292171
"1",0.0141323431036906,50,1,7,10.5,2,38.4484512566783,4.55154874332171
"2",0.0405346764715435,50,1,7,10.5,2,38.4484512566783,4.55154874332171
"3",0.0823739270987127,50,1,7,10.5,2,38.4484512566783,4.55154874332171
"4",0.141005946011083,50,1,7,10.5,2,38.4484512566783,4.55154874332171
"1",0.0107213806270017,100,1,7,10.5,2,89.0705297124666,3.92947028753343
"2",0.0316067612772544,100,1,7,10.5,2,89.0705297124666,3.92947028753343
"3",0.0667245678254939,100,1,7,10.5,2,89.0705297124666,3.92947028753343
"1",0.00899224272808301,150,1,7,10.5,2,139.2292403619,3.77075963810017
"2",0.0267734917499243,150,1,7,10.5,2,139.2292403619,3.77075963810017
"3",0.0573435760106985,150,1,7,10.5,2,139.2292403619,3.77075963810017
"1",0.0109753968888141,50,1,8,12,2,36.52417469626,5.47582530373998
"2",0.031330521566039,50,1,8,12,2,36.52417469626,5.47582530373998
"3",0.0637705053388177,50,1,8,12,2,36.52417469626,5.47582530373998
"4",0.109720903075615,50,1,8,12,2,36.52417469626,5.47582530373998
"1",0.00867637641336613,100,1,8,12,2,87.424630354416,4.57536964558404
"2",0.0253746219065952,100,1,8,12,2,87.424630354416,4.57536964558404
"3",0.0533967694414248,100,1,8,12,2,87.424630354416,4.57536964558404
"4",0.09594253574109,100,1,8,12,2,87.424630354416,4.57536964558404
"1",0.00730314413627409,150,1,8,12,2,137.640828326185,4.35917167381547
"2",0.0215460432441049,150,1,8,12,2,137.640828326185,4.35917167381547
"3",0.045913071041949,150,1,8,12,2,137.640828326185,4.35917167381547
"1",0.00885252663713706,50,1,9,13.5,2,34.4731886124821,6.52681138751788
"2",0.0251818369139947,50,1,9,13.5,2,34.4731886124821,6.52681138751788
"3",0.0513437337887536,50,1,9,13.5,2,34.4731886124821,6.52681138751788
"4",0.0887375066034408,50,1,9,13.5,2,34.4731886124821,6.52681138751788
"5",0.137461176106673,50,1,9,13.5,2,34.4731886124821,6.52681138751788
"6",0.196303059790442,50,1,9,13.5,2,34.4731886124821,6.52681138751788
"1",0.00700314768912042,100,1,9,13.5,2,85.7523291251575,5.24767087484253
"2",0.0203660157379066,100,1,9,13.5,2,85.7523291251575,5.24767087484253
"3",0.0427997675528282,100,1,9,13.5,2,85.7523291251575,5.24767087484253
"4",0.0769757462489908,100,1,9,13.5,2,85.7523291251575,5.24767087484253
"1",0.00598801710912042,150,1,9,13.5,2,136.03815682486,4.96184317513958
"2",0.0175462823226349,150,1,9,13.5,2,136.03815682486,4.96184317513958
"3",0.0372701464181667,150,1,9,13.5,2,136.03815682486,4.96184317513958
"4",0.0680171631381396,150,1,9,13.5,2,136.03815682486,4.96184317513958
"1",0.00701767686133824,50,1,10,15,2,32.2474487139159,7.75255128608411
"2",0.0199316877392206,50,1,10,15,2,32.2474487139159,7.75255128608411
"3",0.0407835065315265,50,1,10,15,2,32.2474487139159,7.75255128608411
"4",0.0709535696706441,50,1,10,15,2,32.2474487139159,7.75255128608411
"5",0.110792402115021,50,1,10,15,2,32.2474487139159,7.75255128608411
"6",0.159545498538988,50,1,10,15,2,32.2474487139159,7.75255128608411
"7",0.215534073654481,50,1,10,15,2,32.2474487139159,7.75255128608411
"1",0.00569451825498945,100,1,10,15,2,84.0512483795333,5.94875162046672
"2",0.0164931923686765,100,1,10,15,2,84.0512483795333,5.94875162046672
"3",0.0346537186950856,100,1,10,15,2,84.0512483795333,5.94875162046672
"4",0.0624442905149163,100,1,10,15,2,84.0512483795333,5.94875162046672
"5",0.101936815530407,100,1,10,15,2,84.0512483795333,5.94875162046672
"1",0.00492661976446381,150,1,10,15,2,134.420493633626,5.57950636637436
"2",0.0143639843992929,150,1,10,15,2,134.420493633626,5.57950636637436
"3",0.030458443164029,150,1,10,15,2,134.420493633626,5.57950636637436
"4",0.0555770613329784,150,1,10,15,2,134.420493633626,5.57950636637436
"5",0.0922308462497868,150,1,10,15,2,134.420493633626,5.57950636637436
"1",0.011421140047427,50,1,3,6,2,43.5561711201316,3.44382887986842
"2",0.0445445638544025,50,1,3,6,2,43.5561711201316,3.44382887986842
"1",0.00864866623596877,100,1,3,6,2,93.8017659699928,3.19823403000718
"2",0.0345357100984213,100,1,3,6,2,93.8017659699928,3.19823403000718
"1",0.00721750688713682,150,1,3,6,2,143.872224634439,3.1277753655606
"2",0.0290913976585666,150,1,3,6,2,143.872224634439,3.1277753655606
"1",0.00546111177854807,50,1,4,8,2,41.138357147217,4.86164285278295
"2",0.0220388039544354,50,1,4,8,2,41.138357147217,4.86164285278295
"3",0.0571487671342774,50,1,4,8,2,41.138357147217,4.86164285278295
"4",0.115629201661929,50,1,4,8,2,41.138357147217,4.86164285278295
"1",0.00432146690253797,100,1,4,8,2,91.6348484585428,4.36515154145714
"2",0.0176851195612414,100,1,4,8,2,91.6348484585428,4.36515154145714
"3",0.0470029089011636,100,1,4,8,2,91.6348484585428,4.36515154145714
"1",0.00366491156598214,150,1,4,8,2,141.767724987817,4.23227501218322
"2",0.0150807575999499,150,1,4,8,2,141.767724987817,4.23227501218322
"3",0.0404906850829963,150,1,4,8,2,141.767724987817,4.23227501218322
"1",0.00252843923807197,50,1,5,10,2,38.5078105935821,6.49218940641788
"2",0.0104913986633455,50,1,5,10,2,38.5078105935821,6.49218940641788
"3",0.028778399005376,50,1,5,10,2,38.5078105935821,6.49218940641788
"4",0.0619613618965932,50,1,5,10,2,38.5078105935821,6.49218940641788
"5",0.11260809657707,50,1,5,10,2,38.5078105935821,6.49218940641788
"1",0.00220172100073076,100,1,5,10,2,89.4076365356005,5.59236346439948
"2",0.00920387719308131,100,1,5,10,2,89.4076365356005,5.59236346439948
"3",0.0255620422896258,100,1,5,10,2,89.4076365356005,5.59236346439948
"4",0.0562661404743233,100,1,5,10,2,89.4076365356005,5.59236346439948
"5",0.105825553590542,100,1,5,10,2,89.4076365356005,5.59236346439948
"1",0.00190098293954194,150,1,5,10,2,139.628607910488,5.37139208951224
"2",0.00797146339817831,150,1,5,10,2,139.628607910488,5.37139208951224
"3",0.0222638617369199,150,1,5,10,2,139.628607910488,5.37139208951224
"4",0.049507093189331,150,1,5,10,2,139.628607910488,5.37139208951224
"1",0.00114923450689695,50,1,6,12,2,35.5646599662505,8.43534003374946
"2",0.00487200382027084,50,1,6,12,2,35.5646599662505,8.43534003374946
"3",0.0140406272079961,50,1,6,12,2,35.5646599662505,8.43534003374946
"4",0.0321277278636305,50,1,6,12,2,35.5646599662505,8.43534003374946
"5",0.0620539061126062,50,1,6,12,2,35.5646599662505,8.43534003374946
"6",0.105195310238794,50,1,6,12,2,35.5646599662505,8.43534003374946
"7",0.16100597941494,50,1,6,12,2,35.5646599662505,8.43534003374946
"1",0.00111079655368564,100,1,6,12,2,87.1123422402632,6.88765775973685
"2",0.00472523755425693,100,1,6,12,2,87.1123422402632,6.88765775973685
"3",0.0136721407239202,100,1,6,12,2,87.1123422402632,6.88765775973685
"4",0.0315682773697301,100,1,6,12,2,87.1123422402632,6.88765775973685
"5",0.0621060995285573,100,1,6,12,2,87.1123422402632,6.88765775973685
"6",0.108480642284167,100,1,6,12,2,87.1123422402632,6.88765775973685
"1",0.000994551349625881,150,1,6,12,2,137.452272687814,6.54772731218571
"2",0.00423731636894973,150,1,6,12,2,137.452272687814,6.54772731218571
"3",0.012288584260035,150,1,6,12,2,137.452272687814,6.54772731218571
"4",0.0285113666742958,150,1,6,12,2,137.452272687814,6.54772731218571
"5",0.0566058235566571,150,1,6,12,2,137.452272687814,6.54772731218571
"6",0.100306385668893,150,1,6,12,2,137.452272687814,6.54772731218571
"1",0.000518899213354079,50,1,7,14,2,32.0948100502085,10.9051899497915
"2",0.00223590992784498,50,1,7,14,2,32.0948100502085,10.9051899497915
"3",0.00671880644428477,50,1,7,14,2,32.0948100502085,10.9051899497915
"4",0.0162762612354257,50,1,7,14,2,32.0948100502085,10.9051899497915
"5",0.0334624874812623,50,1,7,14,2,32.0948100502085,10.9051899497915
"6",0.0602958029387126,50,1,7,14,2,32.0948100502085,10.9051899497915
"7",0.097592366608276,50,1,7,14,2,32.0948100502085,10.9051899497915
"8",0.144720486804382,50,1,7,14,2,32.0948100502085,10.9051899497915
"9",0.199810908455987,50,1,7,14,2,32.0948100502085,10.9051899497915
"10",0.260248848594549,50,1,7,14,2,32.0948100502085,10.9051899497915
"1",0.000553130828698045,100,1,7,14,2,84.7393776099978,8.26062239000222
"2",0.00238564767615899,100,1,7,14,2,84.7393776099978,8.26062239000222
"3",0.00715514614028891,100,1,7,14,2,84.7393776099978,8.26062239000222
"4",0.0173068378596965,100,1,7,14,2,84.7393776099978,8.26062239000222
"5",0.035705041006103,100,1,7,14,2,84.7393776099978,8.26062239000222
"6",0.0651464957349674,100,1,7,14,2,84.7393776099978,8.26062239000222
"7",0.107961356776744,100,1,7,14,2,84.7393776099978,8.26062239000222
"1",0.000516631873970518,150,1,7,14,2,135.235782728386,7.76421727161421
"2",0.00222958776329774,150,1,7,14,2,135.235782728386,7.76421727161421
"3",0.00668772937146548,150,1,7,14,2,135.235782728386,7.76421727161421
"4",0.0161911892658011,150,1,7,14,2,135.235782728386,7.76421727161421
"5",0.0335205087628463,150,1,7,14,2,135.235782728386,7.76421727161421
"6",0.0616235494082538,150,1,7,14,2,135.235782728386,7.76421727161421
"7",0.103389031786125,150,1,7,14,2,135.235782728386,7.76421727161421
"1",0.00024663274151291,50,1,8,16,2,27.4031242374328,14.5968757625672
"2",0.0010757527502256,50,1,8,16,2,27.4031242374328,14.5968757625672
"3",0.00334559322402668,50,1,8,16,2,27.4031242374328,14.5968757625672
"4",0.0085273844286572,50,1,8,16,2,27.4031242374328,14.5968757625672
"5",0.0186245784165032,50,1,8,16,2,27.4031242374328,14.5968757625672
"6",0.0357848471402924,50,1,8,16,2,27.4031242374328,14.5968757625672
"7",0.0617150624416116,50,1,8,16,2,27.4031242374328,14.5968757625672
"8",0.0971511681552516,50,1,8,16,2,27.4031242374328,14.5968757625672
"9",0.141618798961074,50,1,8,16,2,27.4031242374328,14.5968757625672
"10",0.193563839161402,50,1,8,16,2,27.4031242374328,14.5968757625672
"11",0.250753604363141,50,1,8,16,2,27.4031242374328,14.5968757625672
"12",0.310759986478485,50,1,8,16,2,27.4031242374328,14.5968757625672
"13",0.371359118919929,50,1,8,16,2,27.4031242374328,14.5968757625672
"14",0.430766472525847,50,1,8,16,2,27.4031242374328,14.5968757625672
"1",0.000272244261936665,100,1,8,16,2,82.2767142944341,9.72328570556589
"2",0.0011868027208191,100,1,8,16,2,82.2767142944341,9.72328570556589
"3",0.0036695317043208,100,1,8,16,2,82.2767142944341,9.72328570556589
"4",0.00926382227763461,100,1,8,16,2,82.2767142944341,9.72328570556589
"5",0.0200360643239366,100,1,8,16,2,82.2767142944341,9.72328570556589
"6",0.0382794631281949,100,1,8,16,2,82.2767142944341,9.72328570556589
"7",0.0661616279649963,100,1,8,16,2,82.2767142944341,9.72328570556589
"8",0.105427720179114,100,1,8,16,2,82.2767142944341,9.72328570556589
"9",0.157154076885956,100,1,8,16,2,82.2767142944341,9.72328570556589
"1",0.0002662887635571,150,1,8,16,2,132.975801729385,9.02419827061534
"2",0.00116091269436539,150,1,8,16,2,132.975801729385,9.02419827061534
"3",0.00358482344711907,150,1,8,16,2,132.975801729385,9.02419827061534
"4",0.00903340430197989,150,1,8,16,2,132.975801729385,9.02419827061534
"5",0.0195209087720512,150,1,8,16,2,132.975801729385,9.02419827061534
"6",0.0373602289382518,150,1,8,16,2,132.975801729385,9.02419827061534
"7",0.0649358422062285,150,1,8,16,2,132.975801729385,9.02419827061534
"8",0.104521495834871,150,1,8,16,2,132.975801729385,9.02419827061534
"1",0.000130032866090492,100,1,9,18,2,79.7089169661946,11.2910830338054
"2",0.000571541981838838,100,1,9,18,2,79.7089169661946,11.2910830338054
"3",0.00181258253290401,100,1,9,18,2,79.7089169661946,11.2910830338054
"4",0.00475351984905843,100,1,9,18,2,79.7089169661946,11.2910830338054
"5",0.0107531800753013,100,1,9,18,2,79.7089169661946,11.2910830338054
"6",0.0215237364676299,100,1,9,18,2,79.7089169661946,11.2910830338054
"7",0.0389033565588957,100,1,9,18,2,79.7089169661946,11.2910830338054
"8",0.0645958417021659,100,1,9,18,2,79.7089169661946,11.2910830338054
"9",0.0999463435234826,100,1,9,18,2,79.7089169661946,11.2910830338054
"10",0.145762372919169,100,1,9,18,2,79.7089169661946,11.2910830338054
"1",0.000135814257086656,150,1,9,18,2,130.668513360395,10.3314866396053
"2",0.000596805150631712,150,1,9,18,2,130.668513360395,10.3314866396053
"3",0.00188862334944072,150,1,9,18,2,130.668513360395,10.3314866396053
"4",0.0049345379813265,150,1,9,18,2,130.668513360395,10.3314866396053
"5",0.0111160028502981,150,1,9,18,2,130.668513360395,10.3314866396053
"6",0.0221797169234525,150,1,9,18,2,130.668513360395,10.3314866396053
"7",0.0400626654315626,150,1,9,18,2,130.668513360395,10.3314866396053
"8",0.0667175878373517,150,1,9,18,2,130.668513360395,10.3314866396053
"9",0.103962568423711,150,1,9,18,2,130.668513360395,10.3314866396053
"1",6.09377368467446e-05,100,1,10,20,2,77.0156211871642,12.9843788128358
"2",0.000269545180533654,100,1,10,20,2,77.0156211871642,12.9843788128358
"3",0.00087293726470935,100,1,10,20,2,77.0156211871642,12.9843788128358
"4",0.00236631814583308,100,1,10,20,2,77.0156211871642,12.9843788128358
"5",0.00557738922159963,100,1,10,20,2,77.0156211871642,12.9843788128358
"6",0.011676006319371,100,1,10,20,2,77.0156211871642,12.9843788128358
"7",0.0220801351770124,100,1,10,20,2,77.0156211871642,12.9843788128358
"8",0.0382813603807226,100,1,10,20,2,77.0156211871642,12.9843788128358
"9",0.061646121755318,100,1,10,20,2,77.0156211871642,12.9843788128358
"10",0.0932403420239065,100,1,10,20,2,77.0156211871642,12.9843788128358
"11",0.13369365924109,100,1,10,20,2,77.0156211871642,12.9843788128358
"12",0.183096570596555,100,1,10,20,2,77.0156211871642,12.9843788128358
"1",6.87102491594667e-05,150,1,10,20,2,128.309518948453,11.690481051547
"2",0.00030380234018801,150,1,10,20,2,128.309518948453,11.690481051547
"3",0.000981294802245456,150,1,10,20,2,128.309518948453,11.690481051547
"4",0.00264707084807775,150,1,10,20,2,128.309518948453,11.690481051547
"5",0.00619883065686793,150,1,10,20,2,128.309518948453,11.690481051547
"6",0.0128879712780291,150,1,10,20,2,128.309518948453,11.690481051547
"7",0.0242296430144959,150,1,10,20,2,128.309518948453,11.690481051547
"8",0.0418618186204494,150,1,10,20,2,128.309518948453,11.690481051547
"9",0.0674045823392815,150,1,10,20,2,128.309518948453,11.690481051547
"10",0.102333664988051,150,1,10,20,2,128.309518948453,11.690481051547
"11",0.14783731236338,150,1,10,20,2,128.309518948453,11.690481051547
"1",0.0226683702285708,50,1,5,7.5,4,42.0256241897666,2.97437581023336
"2",0.0689305381331754,50,1,5,7.5,4,42.0256241897666,2.97437581023336
"1",0.0169780973632959,100,1,5,7.5,4,92.2911821679223,2.70881783207771
"2",0.053521052062432,100,1,5,7.5,4,92.2911821679223,2.70881783207771
"1",0.014127644597342,150,1,5,7.5,4,142.365943062411,2.63405693758939
"2",0.0451651696782533,150,1,5,7.5,4,142.365943062411,2.63405693758939
"1",0.0171546437693557,50,1,6,9,4,40.2756668824971,3.72433311750293
"2",0.0516784404049792,50,1,6,9,4,40.2756668824971,3.72433311750293
"3",0.108979873658663,50,1,6,9,4,40.2756668824971,3.72433311750293
"1",0.0130136411263716,100,1,6,9,4,90.692104549907,3.30789545009305
"2",0.0404318061575763,100,1,6,9,4,90.692104549907,3.30789545009305
"1",0.010905832417765,150,1,6,9,4,140.804069647078,3.19593035292171
"2",0.0342811881075296,150,1,6,9,4,140.804069647078,3.19593035292171
"1",0.0130404569721025,50,1,7,10.5,4,38.4484512566783,4.55154874332171
"2",0.039081427094332,50,1,7,10.5,4,38.4484512566783,4.55154874332171
"3",0.0825910286402955,50,1,7,10.5,4,38.4484512566783,4.55154874332171
"4",0.14608948030973,50,1,7,10.5,4,38.4484512566783,4.55154874332171
"1",0.0101572461506793,100,1,7,10.5,4,89.0705297124666,3.92947028753343
"2",0.0312532085824508,100,1,7,10.5,4,89.0705297124666,3.92947028753343
"3",0.0686241162399147,100,1,7,10.5,4,89.0705297124666,3.92947028753343
"1",0.008573379418678,150,1,7,10.5,4,139.2292403619,3.77075963810017
"2",0.0266415349732639,150,1,7,10.5,4,139.2292403619,3.77075963810017
"3",0.0593892294329793,150,1,7,10.5,4,139.2292403619,3.77075963810017
"1",0.0097166441468128,50,1,8,12,4,36.52417469626,5.47582530373998
"2",0.0290628948003046,50,1,8,12,4,36.52417469626,5.47582530373998
"3",0.0617122209653714,50,1,8,12,4,36.52417469626,5.47582530373998
"4",0.110079105077292,50,1,8,12,4,36.52417469626,5.47582530373998
"1",0.00797993938362933,100,1,8,12,4,87.424630354416,4.57536964558404
"2",0.0244021676184625,100,1,8,12,4,87.424630354416,4.57536964558404
"3",0.0534918324400939,100,1,8,12,4,87.424630354416,4.57536964558404
"4",0.0996291560204291,100,1,8,12,4,87.424630354416,4.57536964558404
"1",0.00677377837406849,150,1,8,12,4,137.640828326185,4.35917167381547
"2",0.0208888839031027,150,1,8,12,4,137.640828326185,4.35917167381547
"3",0.0463771064392299,150,1,8,12,4,137.640828326185,4.35917167381547
"1",0.00746520886153868,50,1,9,13.5,4,34.4731886124821,6.52681138751788
"2",0.0223133342326879,50,1,9,13.5,4,34.4731886124821,6.52681138751788
"3",0.0476231075547121,50,1,9,13.5,4,34.4731886124821,6.52681138751788
"4",0.0856309895467429,50,1,9,13.5,4,34.4731886124821,6.52681138751788
"5",0.137103524953117,50,1,9,13.5,4,34.4731886124821,6.52681138751788
"6",0.201109358182265,50,1,9,13.5,4,34.4731886124821,6.52681138751788
"1",0.00624603539437197,100,1,9,13.5,4,85.7523291251575,5.24767087484253
"2",0.019029975151379,100,1,9,13.5,4,85.7523291251575,5.24767087484253
"3",0.0417428274874686,100,1,9,13.5,4,85.7523291251575,5.24767087484253
"4",0.0779529057789201,100,1,9,13.5,4,85.7523291251575,5.24767087484253
"1",0.00539933376264784,150,1,9,13.5,4,136.03815682486,4.96184317513958
"2",0.0165661747184149,150,1,9,13.5,4,136.03815682486,4.96184317513958
"3",0.0367195057716442,150,1,9,13.5,4,136.03815682486,4.96184317513958
"4",0.0696087132655217,150,1,9,13.5,4,136.03815682486,4.96184317513958
"1",0.00560265927287179,50,1,10,15,4,32.2474487139159,7.75255128608411
"2",0.0167642011096251,50,1,10,15,4,32.2474487139159,7.75255128608411
"3",0.0360266456730854,50,1,10,15,4,32.2474487139159,7.75255128608411
"4",0.0654465091456492,50,1,10,15,4,32.2474487139159,7.75255128608411
"5",0.106000686792013,50,1,10,15,4,32.2474487139159,7.75255128608411
"6",0.157308934046894,50,1,10,15,4,32.2474487139159,7.75255128608411
"7",0.217708602042914,50,1,10,15,4,32.2474487139159,7.75255128608411
"1",0.00491844525609566,100,1,10,15,4,84.0512483795333,5.94875162046672
"2",0.0149544037662022,100,1,10,15,4,84.0512483795333,5.94875162046672
"3",0.0328697990375898,100,1,10,15,4,84.0512483795333,5.94875162046672
"4",0.0616293660553488,100,1,10,15,4,84.0512483795333,5.94875162046672
"5",0.104109491589882,100,1,10,15,4,84.0512483795333,5.94875162046672
"1",0.00431508929416628,150,1,10,15,4,134.420493633626,5.57950636637436
"2",0.0131972660425983,150,1,10,15,4,134.420493633626,5.57950636637436
"3",0.0292571757008012,150,1,10,15,4,134.420493633626,5.57950636637436
"4",0.0555394878345268,150,1,10,15,4,134.420493633626,5.57950636637436
"5",0.0954332014535365,150,1,10,15,4,134.420493633626,5.57950636637436
"1",0.0105291436571717,50,1,3,6,4,43.5561711201316,3.44382887986842
"2",0.0438996124205124,50,1,3,6,4,43.5561711201316,3.44382887986842
"1",0.00808666356876069,100,1,3,6,4,93.8017659699928,3.19823403000718
"2",0.0345021465134596,100,1,3,6,4,93.8017659699928,3.19823403000718
"1",0.00677591372512407,150,1,3,6,4,143.872224634439,3.1277753655606
"2",0.0291814229643772,150,1,3,6,4,143.872224634439,3.1277753655606
"1",0.00454679087028273,50,1,4,8,4,41.138357147217,4.86164285278295
"2",0.0198678625159417,50,1,4,8,4,41.138357147217,4.86164285278295
"3",0.0551198464340458,50,1,4,8,4,41.138357147217,4.86164285278295
"4",0.117465661408059,50,1,4,8,4,41.138357147217,4.86164285278295
"1",0.00369884370659541,100,1,4,8,4,91.6348484585428,4.36515154145714
"2",0.016352488422772,100,1,4,8,4,91.6348484585428,4.36515154145714
"3",0.0464219280063355,100,1,4,8,4,91.6348484585428,4.36515154145714
"1",0.00316039576954275,150,1,4,8,4,141.767724987817,4.23227501218322
"2",0.0140398364518902,150,1,4,8,4,141.767724987817,4.23227501218322
"3",0.0402571444085001,150,1,4,8,4,141.767724987817,4.23227501218322
"1",0.00187158199731713,50,1,5,10,4,38.5078105935821,6.49218940641788
"2",0.00850596510504846,50,1,5,10,4,38.5078105935821,6.49218940641788
"3",0.0253233285276233,50,1,5,10,4,38.5078105935821,6.49218940641788
"4",0.0582392875110016,50,1,5,10,4,38.5078105935821,6.49218940641788
"5",0.111364765220469,50,1,5,10,4,38.5078105935821,6.49218940641788
"1",0.00171223764215333,100,1,5,10,4,89.4076365356005,5.59236346439948
"2",0.00781571563751149,100,1,5,10,4,89.4076365356005,5.59236346439948
"3",0.023463347958007,100,1,5,10,4,89.4076365356005,5.59236346439948
"4",0.0549695478305666,100,1,5,10,4,89.4076365356005,5.59236346439948
"5",0.10858533844916,100,1,5,10,4,89.4076365356005,5.59236346439948
"1",0.00149678806744246,150,1,5,10,4,139.628607910488,5.37139208951224
"2",0.00684711912431534,150,1,5,10,4,139.628607910488,5.37139208951224
"3",0.0206496081598856,150,1,5,10,4,139.628607910488,5.37139208951224
"4",0.0488475326434466,150,1,5,10,4,139.628607910488,5.37139208951224
"1",0.000740452232508677,50,1,6,12,4,35.5646599662505,8.43534003374946
"2",0.00346994568921591,50,1,6,12,4,35.5646599662505,8.43534003374946
"3",0.0109945284127176,50,1,6,12,4,35.5646599662505,8.43534003374946
"4",0.0272695273126948,50,1,6,12,4,35.5646599662505,8.43534003374946
"5",0.0562137495112823,50,1,6,12,4,35.5646599662505,8.43534003374946
"6",0.100305616061908,50,1,6,12,4,35.5646599662505,8.43534003374946
"7",0.159738315245501,50,1,6,12,4,35.5646599662505,8.43534003374946
"1",0.000779471033702812,100,1,6,12,4,87.1123422402632,6.88765775973685
"2",0.00365345847332987,100,1,6,12,4,87.1123422402632,6.88765775973685
"3",0.0115615397614582,100,1,6,12,4,87.1123422402632,6.88765775973685
"4",0.0287492818989122,100,1,6,12,4,87.1123422402632,6.88765775973685
"5",0.0599893341565425,100,1,6,12,4,87.1123422402632,6.88765775973685
"6",0.109765123404555,100,1,6,12,4,87.1123422402632,6.88765775973685
"1",0.000711184759698905,150,1,6,12,4,137.452272687814,6.54772731218571
"2",0.00333516836957692,150,1,6,12,4,137.452272687814,6.54772731218571
"3",0.0105627760526245,150,1,6,12,4,137.452272687814,6.54772731218571
"4",0.0263525437128314,150,1,6,12,4,137.452272687814,6.54772731218571
"5",0.0554383717422772,150,1,6,12,4,137.452272687814,6.54772731218571
"6",0.10291602659212,150,1,6,12,4,137.452272687814,6.54772731218571
"1",0.000284032605263764,50,1,7,14,4,32.0948100502085,10.9051899497915
"2",0.00136246458465079,50,1,7,14,4,32.0948100502085,10.9051899497915
"3",0.0045483380766736,50,1,7,14,4,32.0948100502085,10.9051899497915
"4",0.0120990526357179,50,1,7,14,4,32.0948100502085,10.9051899497915
"5",0.0269226979107021,50,1,7,14,4,32.0948100502085,10.9051899497915
"6",0.0517655103742703,50,1,7,14,4,32.0948100502085,10.9051899497915
"7",0.0882692717052118,50,1,7,14,4,32.0948100502085,10.9051899497915
"8",0.136389302652475,50,1,7,14,4,32.0948100502085,10.9051899497915
"9",0.194402679926416,50,1,7,14,4,32.0948100502085,10.9051899497915
"10",0.2593995431487,50,1,7,14,4,32.0948100502085,10.9051899497915
"1",0.000348022949513791,100,1,7,14,4,84.7393776099978,8.26062239000222
"2",0.00166589889418338,100,1,7,14,4,84.7393776099978,8.26062239000222
"3",0.00552109906097721,100,1,7,14,4,84.7393776099978,8.26062239000222
"4",0.014552664041355,100,1,7,14,4,84.7393776099978,8.26062239000222
"5",0.0322042584092794,100,1,7,14,4,84.7393776099978,8.26062239000222
"6",0.0621446483412173,100,1,7,14,4,84.7393776099978,8.26062239000222
"7",0.107682623305909,100,1,7,14,4,84.7393776099978,8.26062239000222
"1",0.000333980277094557,150,1,7,14,4,135.235782728386,7.76421727161421
"2",0.00159805854646554,150,1,7,14,4,135.235782728386,7.76421727161421
"3",0.00528803083502209,150,1,7,14,4,135.235782728386,7.76421727161421
"4",0.0139215468304465,150,1,7,14,4,135.235782728386,7.76421727161421
"5",0.0308502650268776,150,1,7,14,4,135.235782728386,7.76421727161421
"6",0.0598899860737304,150,1,7,14,4,135.235782728386,7.76421727161421
"7",0.105000602800441,150,1,7,14,4,135.235782728386,7.76421727161421
"1",0.000112174374076462,50,1,8,16,4,27.4031242374328,14.5968757625672
"2",0.000547670301568986,50,1,8,16,4,27.4031242374328,14.5968757625672
"3",0.00190767554214218,50,1,8,16,4,27.4031242374328,14.5968757625672
"4",0.00539641660039273,50,1,8,16,4,27.4031242374328,14.5968757625672
"5",0.0129173323111187,50,1,8,16,4,27.4031242374328,14.5968757625672
"6",0.0268454779854114,50,1,8,16,4,27.4031242374328,14.5968757625672
"7",0.0494527424396614,50,1,8,16,4,27.4031242374328,14.5968757625672
"8",0.0821988599183355,50,1,8,16,4,27.4031242374328,14.5968757625672
"9",0.125221630209343,50,1,8,16,4,27.4031242374328,14.5968757625672
"10",0.177259986470032,50,1,8,16,4,27.4031242374328,14.5968757625672
"11",0.236004474758392,50,1,8,16,4,27.4031242374328,14.5968757625672
"12",0.298672771818512,50,1,8,16,4,27.4031242374328,14.5968757625672
"13",0.36256571383308,50,1,8,16,4,27.4031242374328,14.5968757625672
"14",0.425445229332815,50,1,8,16,4,27.4031242374328,14.5968757625672
"1",0.000152663261881917,100,1,8,16,4,82.2767142944341,9.72328570556589
"2",0.000742894348936017,100,1,8,16,4,82.2767142944341,9.72328570556589
"3",0.002559960446534,100,1,8,16,4,82.2767142944341,9.72328570556589
"4",0.0071179989937049,100,1,8,16,4,82.2767142944341,9.72328570556589
"5",0.0167023838320981,100,1,8,16,4,82.2767142944341,9.72328570556589
"6",0.0341131349811169,100,1,8,16,4,82.2767142944341,9.72328570556589
"7",0.0622263220224663,100,1,8,16,4,82.2767142944341,9.72328570556589
"8",0.103552314421257,100,1,8,16,4,82.2767142944341,9.72328570556589
"9",0.15982851790956,100,1,8,16,4,82.2767142944341,9.72328570556589
"1",0.000155002359611616,150,1,8,16,4,132.975801729385,9.02419827061534
"2",0.000753614750258995,150,1,8,16,4,132.975801729385,9.02419827061534
"3",0.00258927487735302,150,1,8,16,4,132.975801729385,9.02419827061534
"4",0.00716932172066382,150,1,8,16,4,132.975801729385,9.02419827061534
"5",0.0167609473609104,150,1,8,16,4,132.975801729385,9.02419827061534
"6",0.0341969985594447,150,1,8,16,4,132.975801729385,9.02419827061534
"7",0.0625902202461326,150,1,8,16,4,132.975801729385,9.02419827061534
"8",0.105071170456345,150,1,8,16,4,132.975801729385,9.02419827061534
"1",6.46058163737095e-05,100,1,9,18,4,79.7089169661946,11.2910830338054
"2",0.000318466887522505,100,1,9,18,4,79.7089169661946,11.2910830338054
"3",0.00113348318519797,100,1,9,18,4,79.7089169661946,11.2910830338054
"4",0.0033039149515516,100,1,9,18,4,79.7089169661946,11.2910830338054
"5",0.00819398249849757,100,1,9,18,4,79.7089169661946,11.2910830338054
"6",0.0177241772261032,100,1,9,18,4,79.7089169661946,11.2910830338054
"7",0.0341584386687982,100,1,9,18,4,79.7089169661946,11.2910830338054
"8",0.0597740334844929,100,1,9,18,4,79.7089169661946,11.2910830338054
"9",0.0965260504319791,100,1,9,18,4,79.7089169661946,11.2910830338054
"10",0.145748889660393,100,1,9,18,4,79.7089169661946,11.2910830338054
"1",7.09250743822523e-05,150,1,9,18,4,130.668513360395,10.3314866396053
"2",0.000349224020862226,150,1,9,18,4,130.668513360395,10.3314866396053
"3",0.00123835036607895,150,1,9,18,4,130.668513360395,10.3314866396053
"4",0.00358767091272597,150,1,9,18,4,130.668513360395,10.3314866396053
"5",0.00883292185337671,150,1,9,18,4,130.668513360395,10.3314866396053
"6",0.0189781406542888,150,1,9,18,4,130.668513360395,10.3314866396053
"7",0.0364220376523527,150,1,9,18,4,130.668513360395,10.3314866396053
"8",0.0637302133267354,150,1,9,18,4,130.668513360395,10.3314866396053
"9",0.103416647554047,150,1,9,18,4,130.668513360395,10.3314866396053
"1",2.66588252700569e-05,100,1,10,20,4,77.0156211871642,12.9843788128358
"2",0.000132755352217396,100,1,10,20,4,77.0156211871642,12.9843788128358
"3",0.000485277872373036,100,1,10,20,4,77.0156211871642,12.9843788128358
"4",0.00147326381968884,100,1,10,20,4,77.0156211871642,12.9843788128358
"5",0.00384196683149287,100,1,10,20,4,77.0156211871642,12.9843788128358
"6",0.00877986564135658,100,1,10,20,4,77.0156211871642,12.9843788128358
"7",0.0178867737548013,100,1,10,20,4,77.0156211871642,12.9843788128358
"8",0.0330058020120838,100,1,10,20,4,77.0156211871642,12.9843788128358
"9",0.0559712413932008,100,1,10,20,4,77.0156211871642,12.9843788128358
"10",0.0883470079065464,100,1,10,20,4,77.0156211871642,12.9843788128358
"11",0.131198426566942,100,1,10,20,4,77.0156211871642,12.9843788128358
"12",0.184899089967428,100,1,10,20,4,77.0156211871642,12.9843788128358
"1",3.2080882980659e-05,150,1,10,20,4,128.309518948453,11.690481051547
"2",0.000159559501385158,150,1,10,20,4,128.309518948453,11.690481051547
"3",0.000580881483791568,150,1,10,20,4,128.309518948453,11.690481051547
"4",0.00175095266166839,150,1,10,20,4,128.309518948453,11.690481051547
"5",0.00452244020015353,150,1,10,20,4,128.309518948453,11.690481051547
"6",0.0102239984303594,150,1,10,20,4,128.309518948453,11.690481051547
"7",0.0206168111556138,150,1,10,20,4,128.309518948453,11.690481051547
"8",0.0377451377452975,150,1,10,20,4,128.309518948453,11.690481051547
"9",0.0637488896148332,150,1,10,20,4,128.309518948453,11.690481051547
"10",0.10067842032909,150,1,10,20,4,128.309518948453,11.690481051547
"11",0.150276848677287,150,1,10,20,4,128.309518948453,11.690481051547
"1",0.0224337418237324,50,1,5,7.5,8,42.0256241897666,2.97437581023336
"2",0.069972134495838,50,1,5,7.5,8,42.0256241897666,2.97437581023336
"1",0.0169289022992008,100,1,5,7.5,8,92.2911821679223,2.70881783207771
"2",0.0547762685218302,100,1,5,7.5,8,92.2911821679223,2.70881783207771
"1",0.0141168044209901,150,1,5,7.5,8,142.365943062411,2.63405693758939
"2",0.0463428172052529,150,1,5,7.5,8,142.365943062411,2.63405693758939
"1",0.0166145841468837,50,1,6,9,8,40.2756668824971,3.72433311750293
"2",0.0514125008403043,50,1,6,9,8,40.2756668824971,3.72433311750293
"3",0.11098966962326,50,1,6,9,8,40.2756668824971,3.72433311750293
"1",0.0127430792762816,100,1,6,9,8,90.692104549907,3.30789545009305
"2",0.0406626740856214,100,1,6,9,8,90.692104549907,3.30789545009305
"1",0.0107105297234563,150,1,6,9,8,140.804069647078,3.19593035292171
"2",0.034582809250764,150,1,6,9,8,140.804069647078,3.19593035292171
"1",0.0123361861630237,50,1,7,10.5,8,38.4484512566783,4.55154874332171
"2",0.0380461605814101,50,1,7,10.5,8,38.4484512566783,4.55154874332171
"3",0.0824616243667858,50,1,7,10.5,8,38.4484512566783,4.55154874332171
"4",0.148941039344571,50,1,7,10.5,8,38.4484512566783,4.55154874332171
"1",0.0097632011788902,100,1,7,10.5,8,89.0705297124666,3.92947028753343
"2",0.0308891035270548,100,1,7,10.5,8,89.0705297124666,3.92947028753343
"3",0.0695608073143426,100,1,7,10.5,8,89.0705297124666,3.92947028753343
"1",0.00827393036498794,150,1,7,10.5,8,139.2292403619,3.77075963810017
"2",0.0264344299092919,150,1,7,10.5,8,139.2292403619,3.77075963810017
"3",0.0604576853155253,150,1,7,10.5,8,139.2292403619,3.77075963810017
"1",0.00895405063640639,50,1,8,12,8,36.52417469626,5.47582530373998
"2",0.0276163437656746,50,1,8,12,8,36.52417469626,5.47582530373998
"3",0.0602784849970046,50,1,8,12,8,36.52417469626,5.47582530373998
"4",0.11004360920501,50,1,8,12,8,36.52417469626,5.47582530373998
"1",0.00752411027956508,100,1,8,12,8,87.424630354416,4.57536964558404
"2",0.0236910748984276,100,1,8,12,8,87.424630354416,4.57536964558404
"3",0.0533264738777927,100,1,8,12,8,87.424630354416,4.57536964558404
"4",0.101633097791454,100,1,8,12,8,87.424630354416,4.57536964558404
"1",0.00642129822186342,150,1,8,12,8,137.640828326185,4.35917167381547
"2",0.0203837768611548,150,1,8,12,8,137.640828326185,4.35917167381547
"3",0.0464708922095868,150,1,8,12,8,137.640828326185,4.35917167381547
"1",0.0066710598526036,50,1,9,13.5,8,34.4731886124821,6.52681138751788
"2",0.0206026551687367,50,1,9,13.5,8,34.4731886124821,6.52681138751788
"3",0.0453118994289188,50,1,9,13.5,8,34.4731886124821,6.52681138751788
"4",0.0836000834747457,50,1,9,13.5,8,34.4731886124821,6.52681138751788
"5",0.136726425379426,50,1,9,13.5,8,34.4731886124821,6.52681138751788
"6",0.204001900631485,50,1,9,13.5,8,34.4731886124821,6.52681138751788
"1",0.00577219437093099,100,1,9,13.5,8,85.7523291251575,5.24767087484253
"2",0.0181351071415893,100,1,9,13.5,8,85.7523291251575,5.24767087484253
"3",0.0409090025916091,100,1,9,13.5,8,85.7523291251575,5.24767087484253
"4",0.0782724267668259,100,1,9,13.5,8,85.7523291251575,5.24767087484253
"1",0.00502494383352005,150,1,9,13.5,8,136.03815682486,4.96184317513958
"2",0.0158917516709541,150,1,9,13.5,8,136.03815682486,4.96184317513958
"3",0.0362148015541305,150,1,9,13.5,8,136.03815682486,4.96184317513958
"4",0.0703492518551219,150,1,9,13.5,8,136.03815682486,4.96184317513958
"1",0.00483265244277513,50,1,10,15,8,32.2474487139159,7.75255128608411
"2",0.014969039139974,50,1,10,15,8,32.2474487139159,7.75255128608411
"3",0.0332299705354032,50,1,10,15,8,32.2474487139159,7.75255128608411
"4",0.0621071205716831,50,1,10,15,8,32.2474487139159,7.75255128608411
"5",0.10302444403746,50,1,10,15,8,32.2474487139159,7.75255128608411
"6",0.155905683148584,50,1,10,15,8,32.2474487139159,7.75255128608411
"7",0.219148439005923,50,1,10,15,8,32.2474487139159,7.75255128608411
"1",0.00445074451038852,100,1,10,15,8,84.0512483795333,5.94875162046672
"2",0.0139753802791077,100,1,10,15,8,84.0512483795333,5.94875162046672
"3",0.0316426844453814,100,1,10,15,8,84.0512483795333,5.94875162046672
"4",0.0608798925623857,100,1,10,15,8,84.0512483795333,5.94875162046672
"5",0.105128592426487,100,1,10,15,8,84.0512483795333,5.94875162046672
"1",0.00394022505516723,150,1,10,15,8,134.420493633626,5.57950636637436
"2",0.0124384415672585,150,1,10,15,8,134.420493633626,5.57950636637436
"3",0.0283907335057504,150,1,10,15,8,134.420493633626,5.57950636637436
"4",0.0552918601411369,150,1,10,15,8,134.420493633626,5.57950636637436
"5",0.0971453694528447,150,1,10,15,8,134.420493633626,5.57950636637436
"1",0.00995364688888719,50,1,3,6,8,43.5561711201316,3.44382887986842
"2",0.0433242945415876,50,1,3,6,8,43.5561711201316,3.44382887986842
"1",0.00771193432932608,100,1,3,6,8,93.8017659699928,3.19823403000718
"2",0.0343325007459729,100,1,3,6,8,93.8017659699928,3.19823403000718
"1",0.00647834625044721,150,1,3,6,8,143.872224634439,3.1277753655606
"2",0.0291098841665605,150,1,3,6,8,143.872224634439,3.1277753655606
"1",0.00402597991810359,50,1,4,8,8,41.138357147217,4.86164285278295
"2",0.018530215615577,50,1,4,8,8,41.138357147217,4.86164285278295
"3",0.0536968570249589,50,1,4,8,8,41.138357147217,4.86164285278295
"4",0.118276129278171,50,1,4,8,8,41.138357147217,4.86164285278295
"1",0.00333255925406882,100,1,4,8,8,91.6348484585428,4.36515154145714
"2",0.0154939712865753,100,1,4,8,8,91.6348484585428,4.36515154145714
"3",0.0458840768426225,100,1,4,8,8,91.6348484585428,4.36515154145714
"1",0.0028610626838763,150,1,4,8,8,141.767724987817,4.23227501218322
"2",0.0133600752920783,150,1,4,8,8,141.767724987817,4.23227501218322
"3",0.0399541190933693,150,1,4,8,8,141.767724987817,4.23227501218322
"1",0.00153679124219923,50,1,5,10,8,38.5078105935821,6.49218940641788
"2",0.00741485899813059,50,1,5,10,8,38.5078105935821,6.49218940641788
"3",0.0232825737066336,50,1,5,10,8,38.5078105935821,6.49218940641788
"4",0.0558676518683065,50,1,5,10,8,38.5078105935821,6.49218940641788
"5",0.110341829258436,50,1,5,10,8,38.5078105935821,6.49218940641788
"1",0.00144995962294055,100,1,5,10,8,89.4076365356005,5.59236346439948
"2",0.00701231733804103,100,1,5,10,8,89.4076365356005,5.59236346439948
"3",0.0221419104824619,100,1,5,10,8,89.4076365356005,5.59236346439948
"4",0.0539867427190276,100,1,5,10,8,89.4076365356005,5.59236346439948
"5",0.110005997200954,100,1,5,10,8,89.4076365356005,5.59236346439948
"1",0.00127766518134993,150,1,5,10,8,139.628607910488,5.37139208951224
"2",0.00618853158606629,150,1,5,10,8,139.628607910488,5.37139208951224
"3",0.0196151794137049,150,1,5,10,8,139.628607910488,5.37139208951224
"4",0.0482695154649762,150,1,5,10,8,139.628607910488,5.37139208951224
"1",0.000556632306517987,50,1,6,12,8,35.5646599662505,8.43534003374946
"2",0.00278641535566052,50,1,6,12,8,35.5646599662505,8.43534003374946
"3",0.0093923277165623,50,1,6,12,8,35.5646599662505,8.43534003374946
"4",0.0245451728779719,50,1,6,12,8,35.5646599662505,8.43534003374946
"5",0.0527631727690591,50,1,6,12,8,35.5646599662505,8.43534003374946
"6",0.0972803390195211,50,1,6,12,8,35.5646599662505,8.43534003374946
"7",0.158861790844861,50,1,6,12,8,35.5646599662505,8.43534003374946
"1",0.000617576234614804,100,1,6,12,8,87.1123422402632,6.88765775973685
"2",0.00308575128210879,100,1,6,12,8,87.1123422402632,6.88765775973685
"3",0.0103531878466158,100,1,6,12,8,87.1123422402632,6.88765775973685
"4",0.0270086791233308,100,1,6,12,8,87.1123422402632,6.88765775973685
"5",0.0585187119939299,100,1,6,12,8,87.1123422402632,6.88765775973685
"6",0.110266675270998,100,1,6,12,8,87.1123422402632,6.88765775973685
"1",0.000570375451869791,150,1,6,12,8,137.452272687814,6.54772731218571
"2",0.0028495244850015,150,1,6,12,8,137.452272687814,6.54772731218571
"3",0.00955853295079303,150,1,6,12,8,137.452272687814,6.54772731218571
"4",0.0249904319816981,150,1,6,12,8,137.452272687814,6.54772731218571
"5",0.0545478225407607,150,1,6,12,8,137.452272687814,6.54772731218571
"6",0.104275337727504,150,1,6,12,8,137.452272687814,6.54772731218571
"1",0.000192260160110793,50,1,7,14,8,32.0948100502085,10.9051899497915
"2",0.00098978453128044,50,1,7,14,8,32.0948100502085,10.9051899497915
"3",0.00353928896539891,50,1,7,14,8,32.0948100502085,10.9051899497915
"4",0.010005082760352,50,1,7,14,8,32.0948100502085,10.9051899497915
"5",0.0234342971771231,50,1,7,14,8,32.0948100502085,10.9051899497915
"6",0.0469895591294661,50,1,7,14,8,32.0948100502085,10.9051899497915
"7",0.0828661549686616,50,1,7,14,8,32.0948100502085,10.9051899497915
"8",0.131474094610007,50,1,7,14,8,32.0948100502085,10.9051899497915
"9",0.191265202650307,50,1,7,14,8,32.0948100502085,10.9051899497915
"10",0.259181824302167,50,1,7,14,8,32.0948100502085,10.9051899497915
"1",0.000256938302209627,100,1,7,14,8,84.7393776099978,8.26062239000222
"2",0.00131747851390554,100,1,7,14,8,84.7393776099978,8.26062239000222
"3",0.00466125605349942,100,1,7,14,8,84.7393776099978,8.26062239000222
"4",0.0129919605022602,100,1,7,14,8,84.7393776099978,8.26062239000222
"5",0.030080889242782,100,1,7,14,8,84.7393776099978,8.26062239000222
"6",0.0601628309275735,100,1,7,14,8,84.7393776099978,8.26062239000222
"7",0.107232691788671,100,1,7,14,8,84.7393776099978,8.26062239000222
"1",0.000250922445108861,150,1,7,14,8,135.235782728386,7.76421727161421
"2",0.00128531102174212,150,1,7,14,8,135.235782728386,7.76421727161421
"3",0.00453545571979919,150,1,7,14,8,135.235782728386,7.76421727161421
"4",0.0126078359872195,150,1,7,14,8,135.235782728386,7.76421727161421
"5",0.0291881296492472,150,1,7,14,8,135.235782728386,7.76421727161421
"6",0.0586610127998807,150,1,7,14,8,135.235782728386,7.76421727161421
"7",0.105735785827075,150,1,7,14,8,135.235782728386,7.76421727161421
"1",6.72740972429293e-05,50,1,8,16,8,27.4031242374328,14.5968757625672
"2",0.00035380022159174,50,1,8,16,8,27.4031242374328,14.5968757625672
"3",0.00132708746414532,50,1,8,16,8,27.4031242374328,14.5968757625672
"4",0.00401684876509689,50,1,8,16,8,27.4031242374328,14.5968757625672
"5",0.010202908084648,50,1,8,16,8,27.4031242374328,14.5968757625672
"6",0.0223093512050965,50,1,8,16,8,27.4031242374328,14.5968757625672
"7",0.0428896297316553,50,1,8,16,8,27.4031242374328,14.5968757625672
"8",0.0738490895017256,50,1,8,16,8,27.4031242374328,14.5968757625672
"9",0.115765261206677,50,1,8,16,8,27.4031242374328,14.5968757625672
"10",0.167642305814531,50,1,8,16,8,27.4031242374328,14.5968757625672
"11",0.227187080286218,50,1,8,16,8,27.4031242374328,14.5968757625672
"12",0.291422086184794,50,1,8,16,8,27.4031242374328,14.5968757625672
"13",0.357342664192031,50,1,8,16,8,27.4031242374328,14.5968757625672
"14",0.42239895089412,50,1,8,16,8,27.4031242374328,14.5968757625672
"1",0.000104621289768277,100,1,8,16,8,82.2767142944341,9.72328570556589
"2",0.000547462398255547,100,1,8,16,8,82.2767142944341,9.72328570556589
"3",0.00202526110571444,100,1,8,16,8,82.2767142944341,9.72328570556589
"4",0.00599666697569623,100,1,8,16,8,82.2767142944341,9.72328570556589
"5",0.0148342947801819,100,1,8,16,8,82.2767142944341,9.72328570556589
"6",0.0316290818576092,100,1,8,16,8,82.2767142944341,9.72328570556589
"7",0.0597185991968871,100,1,8,16,8,82.2767142944341,9.72328570556589
"8",0.10215034072086,100,1,8,16,8,82.2767142944341,9.72328570556589
"9",0.16115449072157,100,1,8,16,8,82.2767142944341,9.72328570556589
"1",0.000108816551628183,150,1,8,16,8,132.975801729385,9.02419827061534
"2",0.000568576974036919,150,1,8,16,8,132.975801729385,9.02419827061534
"3",0.0020949897588998,150,1,8,16,8,132.975801729385,9.02419827061534
"4",0.00616753700922552,150,1,8,16,8,132.975801729385,9.02419827061534
"5",0.0151718442620723,150,1,8,16,8,132.975801729385,9.02419827061534
"6",0.0322520599750805,150,1,8,16,8,132.975801729385,9.02419827061534
"7",0.0610020997414527,150,1,8,16,8,132.975801729385,9.02419827061534
"8",0.105153284525836,150,1,8,16,8,132.975801729385,9.02419827061534
"1",4.09442464264181e-05,100,1,9,18,8,79.7089169661946,11.2910830338054
"2",0.000217706069797933,100,1,9,18,8,79.7089169661946,11.2910830338054
"3",0.00083563137245967,100,1,9,18,8,79.7089169661946,11.2910830338054
"4",0.00260912166767798,100,1,9,18,8,79.7089169661946,11.2910830338054
"5",0.00686867725377362,100,1,9,18,8,79.7089169661946,11.2910830338054
"6",0.0156221138202371,100,1,9,18,8,79.7089169661946,11.2910830338054
"7",0.0313777806352726,100,1,9,18,8,79.7089169661946,11.2910830338054
"8",0.0567852663266269,100,1,9,18,8,79.7089169661946,11.2910830338054
"9",0.0942265668211918,100,1,9,18,8,79.7089169661946,11.2910830338054
"10",0.145428053307415,100,1,9,18,8,79.7089169661946,11.2910830338054
"1",4.64192684450011e-05,150,1,9,18,8,130.668513360395,10.3314866396053
"2",0.000246402777622313,150,1,9,18,8,130.668513360395,10.3314866396053
"3",0.000941351032786306,150,1,9,18,8,130.668513360395,10.3314866396053
"4",0.00291695659050173,150,1,9,18,8,130.668513360395,10.3314866396053
"5",0.00760760436661269,150,1,9,18,8,130.668513360395,10.3314866396053
"6",0.0171454603106277,150,1,9,18,8,130.668513360395,10.3314866396053
"7",0.0342093956974895,150,1,9,18,8,130.668513360395,10.3314866396053
"8",0.0617717342998636,150,1,9,18,8,130.668513360395,10.3314866396053
"9",0.102834876255517,150,1,9,18,8,130.668513360395,10.3314866396053
"1",1.55623684906418e-05,100,1,10,20,8,77.0156211871642,12.9843788128358
"2",8.38069484633817e-05,100,1,10,20,8,77.0156211871642,12.9843788128358
"3",0.000331610985928716,100,1,10,20,8,77.0156211871642,12.9843788128358
"4",0.00108368660372282,100,1,10,20,8,77.0156211871642,12.9843788128358
"5",0.00301748472042265,100,1,10,20,8,77.0156211871642,12.9843788128358
"6",0.00729846588934335,100,1,10,20,8,77.0156211871642,12.9843788128358
"7",0.0156021999217957,100,1,10,20,8,77.0156211871642,12.9843788128358
"8",0.0299708898555376,100,1,10,20,8,77.0156211871642,12.9843788128358
"9",0.0525394139268028,100,1,10,20,8,77.0156211871642,12.9843788128358
"10",0.0852177369903156,100,1,10,20,8,77.0156211871642,12.9843788128358
"11",0.129393657536669,100,1,10,20,8,77.0156211871642,12.9843788128358
"12",0.185667041097536,100,1,10,20,8,77.0156211871642,12.9843788128358
"1",1.95316173720583e-05,150,1,10,20,8,128.309518948453,11.690481051547
"2",0.000104996993493779,150,1,10,20,8,128.309518948453,11.690481051547
"3",0.000413383178418896,150,1,10,20,8,128.309518948453,11.690481051547
"4",0.0013393942512957,150,1,10,20,8,128.309518948453,11.690481051547
"5",0.00368644717270331,150,1,10,20,8,128.309518948453,11.690481051547
"6",0.00879832604130134,150,1,10,20,8,128.309518948453,11.690481051547
"7",0.0185625541977956,150,1,10,20,8,128.309518948453,11.690481051547
"8",0.0352715229583938,150,1,10,20,8,128.309518948453,11.690481051547
"9",0.0614107275906882,150,1,10,20,8,128.309518948453,11.690481051547
"10",0.0994338682944459,150,1,10,20,8,128.309518948453,11.690481051547
"11",0.151491174835945,150,1,10,20,8,128.309518948453,11.690481051547
